{"cameraMode":{"drawMode":0,"name":"Shaded","section":"Shading Mode"},"sceneLighting":true,"audioPlay":false,"sceneViewState":{"m_AlwaysRefresh":false,"showFog":true,"showSkybox":true,"showFlares":true,"showImageEffects":true,"showParticleSystems":true,"showVisualEffectGraphs":true,"m_FxEnabled":true},"in2DMode":false,"pivot":{"x":-3.238830804824829,"y":-1.1670198440551758,"z":1.6006584167480469},"rotation":{"x":0.3943132758140564,"y":0.0027463072910904886,"z":-0.0011869424488395453,"w":0.9190003275871277},"size":9.083351135253907,"orthographic":false}